year,state_population,murder,robbery,agg_assault,burglary,larceny,vehicle_theft,rape,murder_cutting,murder_firearms,murder_other,murder_unarmed,mass_shootings,hate_crime_murder,hate_crime_other,state,total
2001,284743737,15806,419777,904020,2111582,7069954,1220421,90682,1796,8719,2313,924,2,10,9710,National,11841964
2002,287404767,15965,416972,886445,2146082,7035671,1237047,94973,1767,9369,1989,929,2,12,7547,National,11840716
2003,290231356,16279,410294,854433,2150163,7008683,1251320,93609,1816,9638,2010,944,3,13,7500,National,11792297
2004,293102603,15950,398268,843413,2140500,6922547,1229443,94867,1866,9326,1996,933,2,6,7630,National,11652626
2005,295925012,16545,413738,858249,2151871,6768611,1228139,94181,1914,10100,1954,892,3,6,7364,National,11538707
2006,298816954,17140,445417,869507,2191158,6610455,1190924,94287,1822,10177,2158,833,7,3,7659,National,11426557
2007,301032865,16947,443059,862671,2186272,6574152,1092866,91968,1796,10086,2095,854,10,9,7578,National,11275532
2008,303467891,16279,439133,839976,2225099,6566248,952594,90564,1897,9484,1938,861,6,8,7989,National,11137896
2009,306406893,15254,404338,809124,2199617,6318828,790120,89091,1808,9033,1855,796,8,7,6569,National,10632956
2010,308725307,14590,364764,778462,2164226,6185087,734510,85406,1680,8635,1760,740,2,6,6569,National,10333622
2011,310968796,14553,350678,749365,2181290,6129748,712051,84002,1675,8524,1650,728,6,5,6211,National,10227909
2012,313240258,14778,351014,758504,2106413,6145299,719523,84905,1591,8879,1643,680,15,5,6517,National,10186973
2013,315848420,14216,341013,722740,1928519,5994085,697060,81812,1482,8412,1621,681,15,5,5967,National,9785432
2014,318198163,14144,322305,737166,1726340,5831598,685744,83689,1557,8105,1599,657,14,5,5525,National,9406530
2015,320742057,15548,322873,760969,1577595,5685083,704241,90529,1526,9553,1666,622,67,8,5808,National,9162721
2016,322721599,17277,329297,798915,1514044,5617746,764363,131881,1597,10932,1802,656,142,5,6156,National,9179826
2001,4468912,379,5584,12250,40642,119992,12619,1369,,,,,0,0,2,Alabama,192837
2001,633630,39,514,2681,3847,16695,2618,501,,,,,0,0,20,Alaska,26915
2001,5306966,400,8868,17889,54821,186850,52203,1518,,,,,0,1,385,Arizona,322935
2001,2694698,148,2181,8969,22196,69590,7320,892,,,,,0,0,3,Arkansas,111299
2001,34600463,2206,64614,136087,232273,697739,204177,9960,,,,,1,2,2244,California,1349303
2001,4430989,158,3555,9849,28533,121360,20994,1930,,,,,0,1,125,Colorado,186505
2001,3434602,105,4183,6565,17159,65762,12378,639,,,,,0,0,171,Connecticut,106962
2001,796599,23,1156,3269,5144,19476,2779,420,,,,,0,0,17,Delaware,32284
2001,16373330,874,32867,90331,176052,516548,89917,6641,,,,,0,1,301,Florida,913532
2001,8405677,598,14402,24491,71799,238484,37589,2180,,,,,0,0,39,Georgia,389582
2001,1227024,32,1142,1534,11162,44925,6743,409,,,,,0,,,Hawaii,65947
2001,1320585,30,245,2511,7507,28285,2389,425,,,,,0,0,34,Idaho,41426
2001,12520227,982,24931,49347,79158,306757,48733,4010,,,,,1,0,282,Illinois,514201
2001,6126743,413,7171,13434,42758,147291,21499,1716,,,,,0,0,139,Indiana,234421
2001,2931967,50,1154,6012,16885,66244,5505,649,,,,,0,0,32,Iowa,96531
2001,2702125,92,2423,7449,20514,77038,7985,945,,,,,0,0,82,Kansas,116528
2001,4068816,181,3269,6009,26964,71448,8944,1051,,,,,0,0,83,Kentucky,117949
2001,4470368,501,7864,20910,46451,139555,21687,1403,,,,,0,0,10,Louisiana,238381
2001,1284470,19,264,826,6898,24585,1671,326,,,,,0,0,32,Maine,34621
2001,5386079,446,13525,26668,41553,145934,32025,1449,,,,,0,0,240,Maryland,261840
2001,6401164,143,6476,22110,32430,106821,27828,1856,,,,,0,0,591,Massachusetts,198255
2001,10006266,672,12937,36551,72038,226708,53607,5264,,,,,0,0,442,Michigan,408219
2001,4984535,119,3758,7032,25496,124519,15031,2236,,,,,0,0,208,Minnesota,178399
2001,2859733,282,3294,5283,29821,70315,9473,1147,,,,,0,0,3,Mississippi,119618
2001,5637309,372,7771,20946,42977,167420,28014,1383,,,,,0,0,91,Missouri,268974
2001,905382,34,230,2735,3670,24684,1821,188,,,,,0,0,13,Montana,33375
2001,1720039,43,1128,3612,9760,52713,6490,431,,,,,0,0,54,Nebraska,74231
2001,2097722,180,4932,6364,17711,45073,14702,883,,,,,0,0,94,Nevada,89939
2001,1259359,17,445,1224,4889,20060,2140,458,,,,,0,1,26,New Hampshire,29260
2001,8511116,336,14110,17370,46812,156031,37708,1278,,,,,0,0,767,New Jersey,274412
2001,1830935,99,2695,10644,19552,56406,7137,850,,,,,0,1,19,New Mexico,97403
2001,19084350,960,36555,56961,80400,329316,48287,3546,,,,,0,0,712,New York,556737
2001,8206105,505,13304,24573,101889,237241,24647,2083,,,,,0,1,83,North Carolina,404326
2001,636550,7,60,274,2165,11583,1086,164,,,,,0,0,16,North Dakota,15355
2001,11389785,452,17199,17906,96910,295976,42229,4466,,,,,0,0,363,Ohio,475501
2001,3469577,185,2746,13309,34573,94537,12569,1486,,,,,0,0,46,Oklahoma,159451
2001,3473441,84,2749,6643,26648,123034,14842,1174,,,,,0,0,222,Oregon,175396
2001,12303104,651,17500,28814,54345,223350,35713,3467,,,,,0,0,141,Pennsylvania,363981
2001,1059659,39,986,1837,6824,23875,5043,416,,,,,0,0,63,Rhode Island,39083
2001,4062125,330,5987,25028,42611,126742,16701,1769,,,,,0,0,57,South Carolina,219225
2001,758324,7,103,710,3087,12571,815,351,,,,,0,0,5,South Dakota,17649
2001,5749398,423,10219,29938,59705,165015,28272,2196,,,,,0,1,189,Tennessee,295958
2001,21370983,1332,35348,77306,204362,669625,102667,8169,,,,,0,1,435,Texas,1099245
2001,2278712,67,1197,3154,13804,70676,6513,896,,,,,0,0,66,Utah,96373
2001,612978,7,107,423,3150,12426,758,107,,,,,0,0,17,Vermont,16995
2001,7196750,364,6860,11945,31604,157060,18842,1770,,,,,0,0,357,Virginia,228802
2001,5993390,179,5934,12545,53024,195133,39077,2600,,,,,0,0,278,Washington,308770
2001,1800975,40,707,3968,9601,28268,3216,320,,,,,0,0,40,West Virginia,46160
2001,5405947,192,4444,6708,26927,125275,14722,1142,,,,,0,0,61,Wisconsin,179471
2001,493754,9,84,1026,2481,12943,696,153,,,,,0,0,10,Wyoming,17402
2002,4478896,303,5962,12002,42578,123932,13890,1664,,,,,0,0,2,Alabama,200333
2002,641482,33,489,2594,3908,17739,2471,511,,,,,0,0,7,Alaska,27752
2002,5441125,387,8000,20176,59087,201541,57668,1608,,,,,1,1,240,Arizona,348709
2002,2706268,142,2524,8081,23229,71129,6813,754,,,,,0,1,87,Arkansas,112760
2002,35001986,2395,64968,130827,238428,715692,222364,10198,,,,,0,3,1645,California,1386520
2002,4501051,179,3579,10058,31678,125193,23183,2066,,,,,0,0,96,Colorado,196032
2002,3458587,84,4069,5914,17111,64735,11580,740,,,,,0,0,140,Connecticut,104373
2002,805945,26,1154,3298,5355,18555,3057,358,,,,,0,0,13,Delaware,31816
2002,16691701,911,32581,88476,177242,511478,88516,6753,,,,,0,1,256,Florida,906214
2002,8544005,606,13432,23125,73932,234591,38036,2108,,,,,0,0,31,Georgia,385861
2002,1240663,24,1210,1656,12722,49344,9910,372,,,,,0,,,Hawaii,75238
2002,1343124,36,240,2646,7441,29060,2627,497,,,,,0,0,43,Idaho,42590
2002,12586447,961,25314,45114,81440,304227,44812,4370,,,,,0,0,158,Illinois,506396
2002,6156913,362,6612,13184,42605,146073,20287,1843,,,,,0,0,78,Indiana,231044
2002,2935840,44,1169,6378,18643,68411,5823,797,,,,,0,0,47,Iowa,101312
2002,2711769,78,2165,6951,19679,73877,7212,1035,,,,,0,0,56,Kansas,111053
2002,4089822,191,3131,6692,26891,72378,9321,1087,,,,,0,0,79,Kentucky,119770
2002,4476192,593,7123,20445,45350,133302,20186,1529,,,,,0,0,15,Louisiana,228543
2002,1294894,14,270,735,6965,24591,1429,377,,,,,0,0,36,Maine,34417
2002,5450525,513,13417,26715,39765,143320,34020,1370,,,,,0,0,217,Maryland,259337
2002,6421800,173,7169,22018,33243,107922,26588,1777,,,,,0,0,427,Massachusetts,199317
2002,10043221,678,11847,36417,70970,214367,49723,5364,,,,,0,0,421,Michigan,389787
2002,5024791,112,3937,7106,28034,122150,13842,2273,,,,,0,1,202,Minnesota,177657
2002,2866733,264,3356,5111,29593,70468,9523,1127,,,,,0,0,3,Mississippi,119445
2002,5669544,331,7024,21737,42721,159921,27878,1465,,,,,0,1,64,Missouri,261142
2002,910372,16,283,2661,3289,23679,1783,237,,,,,0,0,13,Montana,31961
2002,1727564,48,1359,3557,10329,51440,6409,464,,,,,0,0,56,Nebraska,73662
2002,2167455,181,5118,7629,18951,47459,17486,928,,,,,0,0,62,Nevada,97814
2002,1274405,12,413,1185,4838,19468,1944,446,,,,,0,0,30,New Hampshire,28336
2002,8575252,339,13955,16593,43899,148061,35755,1365,,,,,0,0,570,New Jersey,260537
2002,1852044,152,2206,10334,19634,53406,7437,1027,,,,,0,0,15,New Mexico,94211
2002,19134293,909,36653,53583,76700,318025,47366,3885,,,,,0,2,691,New York,537814
2002,8305820,548,12205,24169,99535,229307,24866,2196,,,,,0,0,62,North Carolina,392888
2002,633911,5,58,270,2243,11501,1018,163,,,,,0,0,18,North Dakota,15276
2002,11408699,526,17871,16922,99164,287045,42767,4809,,,,,0,0,265,Ohio,469369
2002,3489700,163,2966,12885,35171,100185,12772,1573,,,,,0,0,44,Oklahoma,165759
2002,3520355,72,2742,6246,25696,118925,16524,1238,,,,,0,0,61,Oregon,171504
2002,12328827,624,17163,28060,55610,212441,32817,3731,,,,,0,0,96,Pennsylvania,350542
2002,1068326,41,916,1699,6415,24051,4876,395,,,,,0,0,38,Rhode Island,38431
2002,4103770,298,5774,25730,43745,123196,16867,1959,,,,,0,0,71,South Carolina,217640
2002,760437,11,117,861,3034,12139,819,361,,,,,0,1,3,South Dakota,17346
2002,5789796,420,9413,29439,61248,161610,26541,2290,,,,,0,0,130,Tennessee,291091
2002,21736925,1302,37580,78628,212602,688992,102680,8508,,,,,0,1,342,Texas,1130635
2002,2318789,47,1140,3358,15124,74795,7722,943,,,,,0,0,54,Utah,103183
2002,616408,13,77,442,3489,10684,769,126,,,,,0,0,18,Vermont,15618
2002,7287829,388,6961,12068,31757,157548,18478,1839,,,,,1,0,291,Virginia,229331
2002,6067060,184,5797,12249,54948,193526,40493,2734,,,,,0,0,173,Washington,310104
2002,1804884,57,657,3179,9677,27524,3898,328,,,,,0,0,42,West Virginia,45362
2002,5439692,154,4713,6134,27926,123365,13458,1237,,,,,0,0,34,Wisconsin,177021
2002,498830,15,93,1108,2448,13303,743,148,,,,,0,0,5,Wyoming,17863
2003,4503726,299,6038,11338,43245,124039,14957,1656,,,,,0,0,1,Alabama,201573
2003,648280,39,446,2787,3874,18051,2461,605,,,,,0,0,13,Alaska,28276
2003,5579222,441,7619,18722,58613,198725,56997,1856,,,,,0,0,247,Arizona,343220
2003,2727774,180,2227,9131,25016,68061,6007,911,,,,,0,2,171,Arkansas,111706
2003,35462712,2407,63770,129380,242274,731486,241326,9994,,,,,0,4,1468,California,1422109
2003,4547633,185,3738,9921,32394,124496,22816,1913,,,,,0,0,86,Colorado,195549
2003,3486960,112,4212,6023,16043,65568,11370,698,,,,,0,0,147,Connecticut,104173
2003,818166,21,1441,3693,6066,18933,2944,370,,,,,0,0,20,Delaware,33488
2003,16999181,924,31523,85106,170644,505489,81563,6727,,,,,0,0,231,Florida,882207
2003,8676460,657,14043,22501,79001,247196,43392,2234,,,,,0,0,23,Georgia,409047
2003,1248755,22,1168,1843,11409,44807,9651,367,,,,,0,,,Hawaii,69267
2003,1367034,26,245,2556,7837,29559,2646,535,,,,,0,0,20,Idaho,43424
2003,12649087,895,23786,41506,78345,295907,41633,4189,,,,,1,0,208,Illinois,486470
2003,6199571,338,6401,13383,41582,145686,20771,1720,,,,,0,0,65,Indiana,229946
2003,2941976,50,1131,6198,17515,64400,5639,796,,,,,0,0,38,Iowa,95767
2003,2724786,125,2247,7374,21973,79471,7832,1085,,,,,0,0,49,Kansas,120156
2003,4118189,181,3224,5703,26034,69083,8253,1124,,,,,0,0,81,Kentucky,113683
2003,4493665,584,7008,19429,44572,129471,19655,1601,,,,,0,1,5,Louisiana,222326
2003,1309205,16,289,763,6579,24043,1456,354,,,,,0,0,77,Maine,33577
2003,5512310,525,13302,23593,38641,134372,36405,1358,,,,,0,0,248,Maryland,248444
2003,6420357,140,8011,20378,34963,104069,25511,1848,,,,,0,0,401,Massachusetts,195321
2003,10082364,612,11254,34214,68316,208538,53711,5470,,,,,0,0,421,Michigan,382536
2003,5064172,127,3906,7191,27698,116216,13749,2092,,,,,0,0,215,Minnesota,171194
2003,2882594,267,3016,4974,29564,68307,8996,1079,,,,,1,0,1,Mississippi,116205
2003,5719204,289,6686,19692,41997,161616,29951,1400,,,,,0,0,55,Missouri,261686
2003,918157,30,298,2777,3722,22800,1906,246,,,,,0,0,5,Montana,31784
2003,1737475,56,1165,3380,10133,48924,6132,504,,,,,0,0,44,Nebraska,70338
2003,2242207,197,5225,7520,21958,53321,20849,871,,,,,0,0,97,Nevada,110038
2003,1288705,17,480,1002,4589,19934,1933,438,,,,,0,0,32,New Hampshire,28425
2003,8642412,406,13342,16452,43457,142287,34606,1288,,,,,0,0,594,New Jersey,252432
2003,1878562,116,1937,9542,18997,50595,7224,940,,,,,0,0,11,New Mexico,89362
2003,19212425,934,35790,48987,75453,311422,45204,3775,,,,,0,0,603,New York,522168
2003,8421190,506,12229,23369,100687,232081,26892,2139,,,,,0,2,75,North Carolina,397980
2003,633400,9,53,286,1959,10327,1078,160,,,,,0,0,10,North Dakota,13882
2003,11437680,526,16895,16104,95083,281383,41017,4660,,,,,1,0,244,Ohio,455913
2003,3506469,206,3224,12827,34846,103404,12958,1501,,,,,0,0,38,Oklahoma,169004
2003,3564330,68,2847,6373,28562,122327,18974,1218,,,,,0,0,103,Oregon,180472
2003,12370761,647,17980,27027,53918,213279,33442,3556,,,,,0,0,118,Pennsylvania,349967
2003,1076084,25,830,1714,5524,22320,4387,505,,,,,0,0,45,Rhode Island,35350
2003,4148744,303,5801,25399,43993,127809,15790,1952,,,,,0,0,64,South Carolina,221111
2003,764905,10,104,859,2878,11572,874,356,,,,,0,0,10,South Dakota,16663
2003,5845208,396,9413,28471,63323,166769,26473,2129,,,,,0,1,160,Tennessee,297135
2003,22103374,1422,37017,75782,219877,698644,98214,8025,,,,,0,1,289,Texas,1139271
2003,2352119,60,1258,3652,16961,75321,7802,919,,,,,0,0,60,Utah,106033
2003,619343,15,62,504,3017,10132,654,126,,,,,0,0,27,Vermont,14537
2003,7365284,416,6713,11554,29105,153367,17977,1807,,,,,0,0,285,Virginia,221224
2003,6131298,182,5718,12509,58271,192653,40618,2863,,,,,0,2,221,Washington,313037
2003,1811440,73,701,3542,10498,28409,3463,311,,,,,0,0,31,West Virginia,47028
2003,5474290,183,4397,6322,26546,118775,12363,1202,,,,,0,0,31,Wisconsin,169819
2003,502111,14,84,1080,2611,13239,798,136,,,,,0,0,12,Wyoming,17974
2004,4525375,254,6042,11286,44666,123650,14024,1742,24,158,44,21,0,0,3,Alabama,201667
2004,657755,37,447,3117,3773,16159,2240,558,4,17,12,4,0,0,9,Alaska,26340
2004,5739879,414,7721,18921,56885,179012,55306,1896,44,295,45,25,0,0,225,Arizona,320380
2004,2750000,176,2372,10083,30151,74242,6518,1183,19,95,31,7,0,0,83,Arkansas,124808
2004,35842038,2392,61768,115400,245903,728687,252604,9615,281,1724,242,144,0,0,1393,California,1417762
2004,4601821,201,3739,11236,33010,123308,24004,1945,32,116,17,34,0,0,60,Colorado,197503
2004,3498966,100,4188,5070,15959,66770,11213,755,16,47,18,5,0,0,120,Connecticut,104175
2004,830069,28,1343,3377,5669,19285,2302,357,3,9,1,1,0,0,37,Delaware,32398
2004,17385430,946,29997,86199,166332,482484,78325,6612,,,,,0,0,274,Florida,851169
2004,8918129,613,13656,23561,82992,249426,44238,2387,70,342,69,47,0,0,29,Georgia,416902
2004,1262124,33,944,1903,10827,41078,8620,333,13,6,5,7,0,,,Hawaii,63738
2004,1395140,31,241,2586,7671,28389,2739,594,5,17,6,2,0,0,37,Idaho,42288
2004,12712016,780,22582,41783,76088,287025,40373,4220,37,337,64,10,0,1,187,Illinois,473039
2004,6226537,316,6373,11802,42168,148670,21091,1803,37,208,39,15,0,0,82,Indiana,232305
2004,2952904,44,1160,6513,17928,62214,5633,782,9,19,5,7,0,0,27,Iowa,94301
2004,2733697,122,1812,7254,20146,81115,8510,1142,6,45,22,2,0,0,49,Kansas,120150
2004,4141835,236,3268,5410,25902,70535,8772,1238,25,136,43,13,0,0,71,Kentucky,115432
2004,4506685,574,6564,20090,45359,134080,19714,1616,44,442,50,21,0,0,24,Louisiana,228021
2004,1314985,18,289,742,6341,24096,1303,315,4,9,1,3,0,0,68,Maine,33172
2004,5561332,521,12772,24351,36704,129888,35882,1317,57,386,47,30,0,0,245,Maryland,241680
2004,6407382,171,7484,20040,34497,101605,22048,1794,37,97,27,6,0,0,358,Massachusetts,187997
2004,10104206,643,11336,32276,64233,194988,50584,5482,68,456,79,35,0,1,558,Michigan,360101
2004,5096546,113,4070,7445,28048,113453,13518,2123,19,73,7,11,0,0,239,Minnesota,169009
2004,2900768,227,2503,4677,27661,65440,7879,1161,22,124,22,7,0,0,2,Mississippi,109550
2004,5759532,354,6630,19763,40472,158264,25893,1479,37,243,68,5,0,0,71,Missouri,252926
2004,926920,30,233,2187,3515,22082,1618,273,7,11,1,4,0,0,50,Montana,29988
2004,1747704,40,1138,3595,9826,46399,5287,620,3,17,4,3,0,0,59,Nebraska,66964
2004,2332898,172,4905,8348,23142,52438,22635,954,24,110,30,8,0,0,81,Nevada,112675
2004,1299169,17,500,1219,4979,19723,1956,466,3,4,4,2,0,0,49,New Hampshire,28909
2004,8685166,392,13076,16144,41030,139977,30306,1331,69,230,56,36,0,0,769,New Jersey,243025
2004,1903006,169,2062,9811,19924,52069,7902,1039,28,75,29,18,0,0,22,New Mexico,92998
2004,19280727,889,33506,46911,70696,311036,41002,3608,173,500,123,68,0,0,386,New York,508034
2004,8540468,532,11782,23591,101193,227147,26988,2339,67,284,84,42,0,0,67,North Carolina,393639
2004,636308,8,43,330,2040,9516,937,177,0,4,3,1,0,0,10,North Dakota,13061
2004,11450143,506,17429,16108,96518,282168,40651,4744,57,245,113,49,1,0,354,Ohio,458479
2004,3523546,186,3090,12802,35244,101271,12957,1557,32,106,27,21,0,1,50,Oklahoma,167158
2004,3591363,90,2751,6600,30072,117868,18535,1283,19,48,19,4,0,0,155,Oregon,177354
2004,12394471,650,18474,28339,54443,214199,30969,3535,54,449,111,18,0,0,99,Pennsylvania,350708
2004,1079916,26,731,1596,5465,21623,4078,320,3,16,3,4,0,0,29,Rhode Island,33868
2004,4197892,286,5468,25634,43739,130991,15726,1772,38,194,38,17,0,0,102,South Carolina,223718
2004,770621,17,112,854,3148,10890,847,336,4,5,7,0,0,0,7,South Dakota,16211
2004,5893298,357,8863,29611,60386,169828,24777,2282,48,221,53,28,0,1,135,Tennessee,296240
2004,22471549,1364,35817,75985,220118,696507,94077,8388,211,882,179,90,0,1,296,Texas,1132553
2004,2420708,46,1236,3398,15225,74889,7648,967,2,12,6,1,0,0,60,Utah,103469
2004,621233,16,78,459,3435,10537,587,160,7,3,6,0,0,0,28,Vermont,15300
2004,7481332,390,6899,11503,28759,154154,17455,1816,44,270,61,15,0,0,310,Virginia,221286
2004,6207046,190,5866,12417,60632,196972,43233,2857,29,106,35,19,0,0,175,Washington,322342
2004,1812548,68,774,3922,10994,31566,3766,346,8,31,18,5,0,0,45,West Virginia,51481
2004,5503533,154,4067,6191,23854,111482,11374,1136,20,99,18,17,1,1,37,Wisconsin,158297
2004,505887,11,67,973,2738,13352,799,112,3,3,4,1,0,0,4,Wyoming,18056
2005,4548327,374,6447,11293,43473,120780,13140,1564,25,223,62,16,0,0,5,Alabama,197076
2005,663253,32,537,3087,4131,17249,2595,538,4,19,6,3,0,0,4,Alaska,28173
2005,5953007,445,8579,19448,56328,176112,54905,2006,43,334,34,29,0,0,194,Arizona,318017
2005,2775708,189,2532,10747,30118,75510,7286,1202,26,120,21,9,0,0,135,Arkansas,127719
2005,36154147,2503,63622,114661,250521,692467,257543,9392,288,1845,237,133,0,1,1379,California,1392089
2005,4663295,173,3948,12351,34746,127602,26101,2026,32,109,23,6,0,0,125,Colorado,207072
2005,3500701,105,3933,4792,15245,64416,10609,712,14,47,20,10,0,1,102,Connecticut,99915
2005,841741,37,1306,3612,5811,18085,2349,377,8,23,2,4,0,0,49,Delaware,31626
2005,17768191,883,30141,88341,164783,472912,75303,6592,,,,,0,1,230,Florida,839186
2005,9132553,564,14041,23977,84463,249594,44477,2143,68,370,73,5,0,0,17,Georgia,419276
2005,1273278,24,1001,1885,9792,42188,9135,343,9,2,4,5,0,,,Hawaii,64368
2005,1429367,35,266,2792,8066,27606,2884,577,1,23,6,4,0,0,28,Idaho,42254
2005,12765427,770,23255,42158,77635,277662,39373,4313,51,339,37,21,0,0,168,Illinois,465334
2005,6266019,356,6809,11281,43756,151278,21744,1856,24,238,52,17,0,0,54,Indiana,237134
2005,2965524,40,1153,6657,18147,60723,5500,847,5,21,5,7,0,0,31,Iowa,93098
2005,2748172,101,1795,7707,19028,76222,9338,1098,16,52,20,7,0,0,73,Kansas,115362
2005,4172608,190,3690,5833,26458,70354,8796,1421,15,124,24,14,0,0,46,Kentucky,116788
2005,4507331,450,5337,19681,39382,112840,14389,1421,46,309,34,10,0,0,17,Louisiana,193517
2005,1318220,19,323,815,6323,24218,1348,326,4,7,4,4,0,0,57,Maine,33429
2005,5589599,552,14378,23173,35922,128491,34070,1266,68,418,47,18,0,0,195,Maryland,238047
2005,6433367,178,7837,19878,34728,98079,18920,1751,39,94,31,7,0,0,374,Massachusetts,181745
2005,10100833,629,13348,36760,70527,194090,48275,5199,52,421,118,23,0,0,607,Michigan,369435
2005,5126739,115,4724,8146,29716,114304,14281,2258,16,73,15,11,1,0,206,Minnesota,173751
2005,2908496,214,2405,4365,26866,60873,7492,1147,25,113,15,10,0,0,3,Mississippi,103365
2005,5797703,402,7196,21254,42822,159288,25699,1625,48,281,63,9,0,0,78,Missouri,258364
2005,934737,18,177,2138,3642,23794,1971,301,5,5,5,2,0,0,65,Montana,32106
2005,1758163,44,1040,3387,9408,45359,5581,581,1,5,3,4,0,0,71,Nebraska,65471
2005,2412301,206,4702,8730,23481,52012,26931,1016,26,124,41,14,0,0,77,Nevada,117155
2005,1306819,19,365,971,4192,18493,1346,406,5,6,4,1,0,0,33,New Hampshire,25825
2005,8703150,417,13215,16079,38980,136728,27683,1208,62,276,41,38,0,0,738,New Jersey,235048
2005,1925985,144,1893,9370,20939,50707,7929,1041,28,66,22,17,0,0,18,New Mexico,92041
2005,19315721,874,35179,46150,68034,302220,35736,3636,188,500,107,73,0,0,498,New York,492327
2005,8672459,585,12635,25128,104298,221091,28466,2302,66,353,96,51,0,0,89,North Carolina,394594
2005,634605,12,54,460,2043,9732,1073,180,1,1,5,0,0,0,12,North Dakota,13566
2005,11470685,590,18673,16228,100183,279051,41471,4671,58,313,125,53,0,0,191,Ohio,461058
2005,3543442,187,3230,13146,35692,93814,13900,1481,19,129,22,17,0,1,40,Oklahoma,161491
2005,3638871,80,2478,6620,27621,113316,19262,1266,11,48,17,3,0,0,138,Oregon,170781
2005,12405348,756,19214,29205,56134,214916,29394,3586,88,528,97,21,0,0,80,Pennsylvania,353285
2005,1073579,34,776,1577,5319,19567,4401,323,5,16,7,6,0,0,15,Rhode Island,32012
2005,4246933,314,5657,24757,42741,126489,16376,1862,37,217,36,22,0,0,98,South Carolina,218294
2005,774883,18,145,847,2505,10350,839,377,3,6,3,2,0,0,9,South Dakota,15090
2005,5955745,431,10009,32470,61508,169357,25228,2194,48,301,50,29,0,0,120,Tennessee,301317
2005,22928508,1407,35790,75383,219828,677042,93423,8511,205,946,173,82,1,1,263,Texas,1111649
2005,2490334,56,1095,3541,14971,72082,8493,920,12,27,10,7,0,0,41,Utah,101199
2005,622387,8,76,545,3185,10894,670,153,1,5,1,1,0,0,34,Vermont,15565
2005,7564327,458,7495,11718,29829,154584,15991,1763,51,318,68,22,0,0,293,Virginia,222131
2005,6291899,205,5788,12941,60343,198031,49287,2811,40,126,19,20,0,1,170,Washington,329577
2005,1814083,82,816,3735,11334,32603,3820,335,3,40,19,10,0,0,46,West Virginia,52771
2005,5527644,206,4555,7471,24448,110531,12577,1135,23,132,27,12,1,0,45,Wisconsin,160969
2005,508798,14,78,958,2426,12905,739,122,1,7,3,3,0,0,3,Wyoming,17245
2006,4599030,382,7062,10463,44780,121451,15018,1646,35,247,51,16,0,0,5,Alabama,200807
2006,670053,36,600,3462,4155,17284,2536,512,8,22,2,3,0,0,6,Alaska,28591
2006,6166318,533,9491,20983,59418,178321,56650,2449,53,343,46,20,0,0,169,Arizona,328014
2006,2810872,205,2749,11259,31864,72646,7515,1325,22,134,34,11,0,0,113,Arkansas,127676
2006,36457549,2486,71142,111620,247230,669103,243655,9235,315,1822,218,130,1,1,1296,California,1355769
2006,4753377,171,3824,12641,32411,110372,20656,2158,35,85,16,20,0,0,140,Colorado,182373
2006,3504809,137,4460,5212,15583,64765,10290,696,18,65,12,5,0,0,127,Connecticut,101270
2006,853476,42,1791,3733,6337,20449,2884,417,7,27,6,1,0,0,49,Delaware,35702
2006,18089888,1129,34147,87851,170873,473774,76454,6475,,,,,0,1,215,Florida,850919
2006,9363941,605,15511,26469,85140,234445,43127,2169,64,403,67,14,0,0,13,Georgia,407479
2006,1285498,21,1144,2090,8724,37784,7739,353,3,7,6,5,0,,,Hawaii,57855
2006,1466465,35,294,2726,7545,25154,2436,611,6,22,5,3,0,0,22,Idaho,38823
2006,12831970,780,23782,40858,77259,272578,37641,4078,46,392,35,14,0,0,156,Illinois,457132
2006,6313520,361,7175,10956,45538,150655,21590,1811,36,239,45,19,0,0,40,Indiana,238126
2006,2982085,55,1309,6286,18160,60998,5044,871,13,23,11,7,0,0,29,Iowa,92752
2006,2764075,125,1878,8678,20086,75450,8724,1279,14,70,33,9,0,0,111,Kansas,116331
2006,4206074,173,3850,6026,27867,72197,9364,1312,22,98,16,14,0,0,66,Kentucky,120855
2006,4287768,555,5928,22853,46703,112605,15667,1587,35,396,37,20,0,0,22,Louisiana,205920
2006,1321574,23,383,786,6846,25465,1347,341,1,12,8,2,0,0,57,Maine,35248
2006,5615727,546,14376,22011,37459,127502,30523,1178,72,403,46,25,0,0,212,Maryland,233807
2006,6437193,188,8080,22178,35243,100725,17975,1771,42,111,28,4,0,0,384,Massachusetts,186544
2006,10095643,721,14229,36684,76313,199183,50098,5347,50,498,134,29,0,0,614,Michigan,383189
2006,5167101,126,5441,8830,30306,115693,13277,1645,20,75,9,13,0,0,137,Minnesota,175455
2006,2910540,231,3259,4547,27117,57406,8330,1039,18,121,24,10,0,0,3,Mississippi,101932
2006,5842713,369,7597,22167,44734,153874,25399,1764,36,246,41,11,0,0,82,Missouri,255986
2006,944632,33,233,2950,3380,21659,1947,348,3,4,7,3,0,0,24,Montana,30574
2006,1768331,51,1136,3433,9535,44710,5166,577,2,5,7,2,0,0,56,Nebraska,64664
2006,2495529,226,7038,10331,24902,50429,27007,1092,34,133,45,12,0,0,125,Nevada,121150
2006,1314895,13,435,1042,4395,20179,1486,295,6,3,1,2,0,0,38,New Hampshire,27883
2006,8724560,427,13360,15562,39384,134687,24749,1201,69,289,47,23,0,0,760,New Jersey,230130
2006,1954599,134,2095,9495,20906,45864,9230,1073,21,57,7,14,0,0,20,New Mexico,88817
2006,19306183,922,34459,45467,68617,297827,32133,3168,141,400,351,29,0,1,521,New York,483115
2006,8856505,539,13468,25586,107333,227114,30102,2495,59,338,75,58,1,0,100,North Carolina,406738
2006,635867,14,75,925,2601,9672,1086,241,4,1,3,0,0,0,16,North Dakota,14630
2006,11478006,560,19418,16743,105639,279718,37977,4770,40,334,84,29,0,0,305,Ohio,465130
2006,3579212,210,3145,13062,34437,81853,13438,1488,18,133,35,21,0,0,51,Oklahoma,147684
2006,3700758,88,2711,6516,24324,98897,14637,1219,22,44,12,7,0,0,144,Oregon,148536
2006,12440621,741,21095,29581,57739,217142,29708,3611,51,554,87,27,3,0,86,Pennsylvania,359706
2006,1067610,27,740,1404,5453,18852,3609,289,8,7,11,2,0,0,19,Rhode Island,30393
2006,4321249,362,5902,25224,42952,125075,16685,1834,44,253,42,20,0,0,82,South Carolina,218116
2006,781919,30,158,1418,3024,9954,834,465,2,2,4,0,0,0,88,South Dakota,15971
2006,6038803,419,11143,32287,63024,164183,22653,2194,43,271,71,24,0,0,206,Tennessee,296109
2006,23507783,1386,37256,74531,215710,648711,95425,8429,162,949,183,87,0,0,243,Texas,1081691
2006,2550063,51,1242,3587,14721,66480,8371,891,6,21,9,10,0,0,37,Utah,95380
2006,623908,14,114,604,3443,10857,620,173,1,7,2,2,1,0,27,Vermont,15853
2006,7642884,403,7779,11672,32166,143292,14799,1829,49,264,70,15,0,0,341,Virginia,212281
2006,6395798,197,6424,12934,58843,183179,46434,2748,31,107,28,20,1,0,177,Washington,310937
2006,1818470,80,853,3776,11579,32305,4057,404,9,40,18,4,0,0,35,West Virginia,53089
2006,5556506,165,5564,8937,27038,115682,14028,1233,23,95,29,16,0,0,85,Wisconsin,172732
2006,515004,13,72,1071,2322,12255,804,151,3,5,0,1,0,0,5,Wyoming,16693
2007,4627851,412,7398,11417,45379,124465,14238,1548,38,285,47,15,0,0,7,Alabama,204864
2007,683478,43,581,3351,3734,16929,2433,545,5,21,5,12,0,0,8,Alaska,27624
2007,6338755,548,9764,20170,59988,177076,50244,2353,44,323,67,30,0,0,161,Arizona,320304
2007,2834797,198,3105,10629,32035,73096,6999,1294,20,130,29,12,0,0,33,Arkansas,127389
2007,36553215,2262,70706,109547,237850,654526,220134,9046,298,1605,228,118,0,2,1398,California,1305471
2007,4861515,155,3461,11410,28633,100519,16656,2075,23,85,25,17,1,0,158,Colorado,163068
2007,3502309,113,4303,5441,15640,60937,9951,690,14,57,20,4,0,0,144,Connecticut,97219
2007,864764,39,1763,3957,6420,20454,2342,341,6,22,8,1,0,0,49,Delaware,35365
2007,18251243,1202,38155,86372,181836,490783,73630,6149,,,,,0,1,165,Florida,878293
2007,9544750,720,17291,26708,90294,238436,42518,2198,84,485,99,6,0,0,13,Georgia,418178
2007,1283388,24,1122,2021,9089,37494,6283,377,3,3,1,5,0,,,Hawaii,56410
2007,1499402,49,243,2942,7131,24727,2266,607,5,25,14,5,0,0,38,Idaho,38003
2007,12852548,752,23100,40573,75524,267911,33887,4103,53,343,57,10,0,0,167,Illinois,446017
2007,6345289,350,7845,11377,46485,147999,19403,1738,38,231,44,20,0,0,41,Indiana,235238
2007,2988046,39,1328,6633,17176,57018,4939,970,11,12,8,5,0,0,28,Iowa,88131
2007,2775997,106,2022,9315,20461,73900,8600,1287,12,63,23,6,0,0,111,Kansas,115802
2007,4241474,206,4068,6690,27820,71489,8678,1365,19,131,27,19,0,0,49,Kentucky,120365
2007,4293204,625,6316,23421,46932,118291,15293,1427,45,455,55,22,0,0,31,Louisiana,212336
2007,1317207,20,349,804,6745,24228,1276,392,6,9,4,2,0,0,72,Maine,33886
2007,5618344,554,13258,21072,37095,127308,28393,1179,53,414,63,23,0,0,151,Maryland,229010
2007,6449755,187,7021,19636,35767,103925,15051,1643,31,114,23,14,0,0,353,Massachusetts,183583
2007,10071822,661,13365,35147,75273,191289,41988,4592,64,444,134,30,1,0,636,Michigan,362952
2007,5197621,116,4770,8295,29717,115892,12648,1873,15,61,20,11,0,0,157,Minnesota,173468
2007,2918785,202,2896,4371,27223,56473,7191,1033,15,119,12,6,0,0,3,Mississippi,99392
2007,5878415,367,7728,23082,44897,156319,23897,1785,34,247,55,15,0,0,114,Missouri,258189
2007,957861,27,233,3015,3476,22315,2046,363,2,10,1,1,0,0,21,Montana,31496
2007,1774571,71,1115,3788,9035,41484,5246,550,2,9,6,5,1,0,45,Nebraska,61335
2007,2565382,193,6938,11138,24911,49844,22363,1096,25,123,32,12,1,0,63,Nevada,116547
2007,1315828,12,451,1076,5074,19909,1411,357,2,7,2,0,0,0,48,New Hampshire,28338
2007,8685920,381,12567,14564,37234,133145,21959,1032,46,260,37,37,0,1,747,New Jersey,221630
2007,1969915,183,2323,9777,20823,45442,8903,1028,20,81,26,21,0,0,14,New Mexico,88493
2007,19297729,805,31085,45144,64914,290681,28029,2928,142,500,124,34,0,1,497,New York,464084
2007,9061032,584,13534,25727,108700,233241,27952,2386,63,369,83,40,0,0,75,North Carolina,412199
2007,639715,17,75,999,2314,9500,982,252,1,3,4,4,0,0,14,North Dakota,14153
2007,11466917,529,18351,17218,99049,264677,33955,4661,45,299,101,41,1,0,306,Ohio,438747
2007,3617316,224,3392,13053,34367,80747,13600,1565,35,132,36,19,0,1,29,Oklahoma,146978
2007,3747455,76,2864,6799,22979,95157,14637,1276,12,38,18,4,1,0,169,Oregon,143958
2007,12432792,725,19440,28198,56091,211248,26511,3443,81,527,88,23,0,0,78,Pennsylvania,345734
2007,1057832,19,760,1387,5206,19175,3195,258,7,9,3,0,0,0,49,Rhode Island,30049
2007,4407709,364,6354,26139,45398,126802,17104,1773,40,235,60,14,0,1,116,South Carolina,224051
2007,796214,31,118,1344,2647,10398,784,433,3,4,6,2,0,0,37,South Dakota,15792
2007,6156719,405,11033,32843,61817,168807,21718,2201,50,252,72,23,0,0,239,Tennessee,299063
2007,23904380,1419,38778,73357,228320,663101,94000,8460,177,946,203,93,0,1,241,Texas,1107677
2007,2645330,59,1425,3928,15594,68573,8915,935,5,38,10,5,1,0,57,Utah,99487
2007,621254,13,79,582,3200,10853,649,128,2,9,0,1,0,0,21,Vermont,15525
2007,7712091,415,7696,11131,32028,145634,14101,1793,48,287,51,20,1,0,296,Virginia,213095
2007,6468424,174,6079,12862,52874,170782,38120,2653,27,99,29,15,1,0,196,Washington,283741
2007,1812035,65,847,3716,10822,31321,3477,388,5,37,7,10,0,1,43,West Virginia,50680
2007,5601640,185,5480,9438,27890,117957,13458,1227,18,121,27,16,1,0,69,Wisconsin,175705
2007,522830,21,84,1067,2365,11875,813,172,2,7,1,6,0,0,21,Wyoming,16418
2008,4661900,351,7346,11795,50411,126539,13466,1618,24,262,35,17,0,0,11,Alabama,211537
2008,686293,27,645,3356,3237,15225,1628,447,1,13,6,7,0,0,8,Alaska,24573
2008,6500180,462,9809,19096,58606,169460,38587,2200,45,290,45,25,1,0,185,Arizona,298406
2008,2855390,165,2777,10244,33912,69905,6543,1463,17,110,25,5,1,0,92,Arkansas,125102
2008,36756666,2142,69388,104896,237811,650656,192529,8903,294,1487,241,120,1,2,1380,California,1267708
2008,4939456,165,3404,11760,28054,97937,13349,2151,31,86,17,17,0,1,163,Colorado,156984
2008,3501252,132,4043,5882,15107,63212,8891,680,27,71,11,3,0,0,179,Connecticut,98126
2008,873092,57,1847,3912,6783,22045,2557,371,6,44,5,2,0,0,62,Delaware,37634
2008,18328340,1168,36268,82848,188472,506902,63515,5972,,,,,0,0,153,Florida,885298
2008,9685744,640,17808,26571,100564,247709,39644,2334,73,435,98,8,0,0,12,Georgia,435282
2008,1288198,26,1085,2036,9404,31424,5116,363,8,11,0,6,0,,,Hawaii,49454
2008,1523816,23,239,2839,6748,23532,1660,579,0,14,3,6,0,0,30,Idaho,35650
2008,12901563,790,24054,38818,78968,266815,32572,4118,48,421,50,11,1,0,120,Illinois,446256
2008,6376792,322,7580,11912,48805,147334,17500,1711,28,220,39,19,0,0,61,Indiana,235225
2008,3002555,77,1249,6388,16598,52299,4376,937,16,25,20,13,0,0,33,Iowa,81957
2008,2802134,113,1681,8534,19651,67826,7405,1226,15,61,17,17,0,0,115,Kansas,106551
2008,4269245,201,4080,6952,29556,77279,7657,1457,25,121,27,9,1,0,79,Kentucky,127262
2008,4410796,544,6241,21578,45524,112091,13564,1250,33,309,34,14,0,0,67,Louisiana,200859
2008,1316456,31,333,829,6559,24695,1179,379,10,11,4,6,0,0,63,Maine,34068
2008,5633597,493,13203,20570,38849,133983,25333,1127,61,353,51,28,0,1,99,Maryland,233658
2008,6497967,166,7077,21143,36251,106913,12755,1751,49,89,23,3,0,0,336,Massachusetts,186392
2008,10003422,554,13246,33205,74787,184558,35755,4507,40,375,94,27,0,0,577,Michigan,347189
2008,5220393,110,4179,7759,26558,112764,10195,1805,22,54,22,8,0,0,164,Minnesota,163534
2008,2938618,236,3079,4669,25506,53730,6252,958,15,142,20,7,0,0,4,Mississippi,94434
2008,5911605,456,7395,20238,45763,150002,20757,1612,41,349,53,12,1,0,99,Missouri,246323
2008,967440,40,204,2411,3689,20834,1777,358,4,11,4,4,0,0,28,Montana,29341
2008,1783432,69,1297,3603,8731,38394,4225,601,4,9,8,1,0,0,100,Nebraska,57020
2008,2600167,165,6486,11216,24254,49814,15938,1106,27,93,35,8,0,0,94,Nevada,109073
2008,1315809,14,421,1234,4266,22714,1407,385,3,2,7,0,0,0,45,New Hampshire,30486
2008,8682661,376,12701,14152,40402,138545,20180,1122,67,236,39,34,0,0,744,New Jersey,228222
2008,1984356,161,2151,9537,20706,46995,8017,1118,22,88,13,11,0,0,9,New Mexico,88694
2008,19490297,836,31787,42125,65544,297962,25093,2798,184,475,147,29,0,2,603,New York,466750
2008,9222414,599,14323,25907,111556,234480,26727,2296,54,362,102,68,0,0,124,North Carolina,416012
2008,641481,11,73,1026,2336,9782,911,331,2,0,0,1,0,0,16,North Dakota,14486
2008,11485910,547,18706,16652,102428,260788,28451,4531,38,293,90,39,0,0,355,Ohio,432458
2008,3642361,215,3698,13975,35247,80265,11023,1471,33,128,28,23,0,1,53,Oklahoma,145948
2008,3790060,87,2656,5983,21115,92677,11377,1183,16,47,18,1,0,0,191,Oregon,135269
2008,12448279,705,18873,27981,58687,219115,22492,3485,66,521,86,27,0,0,70,Pennsylvania,351408
2008,1050788,31,880,1463,5766,20926,3203,282,6,18,4,1,0,0,35,Rhode Island,32586
2008,4479800,307,6595,24158,45964,126316,17670,1686,31,206,43,24,0,0,154,South Carolina,222850
2008,804194,37,134,1494,2683,10266,918,562,1,13,7,1,0,0,44,South Dakota,16138
2008,6214888,412,10804,31619,65093,166793,19203,2078,53,240,91,24,0,1,269,Tennessee,296272
2008,24326974,1370,37739,76421,230046,654435,85384,8055,230,895,140,107,0,0,247,Texas,1093697
2008,2736424,41,1421,3788,14766,70299,7308,915,8,19,8,6,0,0,40,Utah,98578
2008,621270,17,93,611,3515,11802,586,133,0,8,6,3,0,0,22,Vermont,16779
2008,7769089,370,7470,10397,32188,151191,13347,1794,54,240,61,11,0,0,267,Virginia,217024
2008,6549224,193,6419,12623,53136,167013,29134,2653,32,110,25,23,0,0,240,Washington,271411
2008,1814468,67,896,3654,10840,31967,3164,389,5,33,13,4,0,0,46,West Virginia,51023
2008,5627967,146,5163,9070,27459,116456,11541,1128,25,80,22,19,0,0,95,Wisconsin,171058
2008,532668,12,87,1046,2198,11584,733,185,3,4,1,2,0,0,6,Wyoming,15851
2009,4708708,322,6265,13103,48844,118072,11091,1504,29,229,40,20,1,0,9,Alabama,199211
2009,698473,22,654,3235,3600,15251,1687,513,4,13,3,2,0,0,9,Alaska,24971
2009,6595778,380,8199,17270,54308,155976,26437,2279,61,197,53,17,0,0,219,Arizona,265068
2009,2889450,179,2576,10772,34753,68228,6097,1378,21,107,38,5,0,0,75,Arkansas,124058
2009,36961664,1972,64093,100156,230198,615402,163833,8713,291,1360,214,107,1,2,1016,California,1185386
2009,5024748,159,3371,11223,26637,95079,12480,2269,23,94,30,20,0,1,207,Colorado,151426
2009,3518288,106,4001,5824,15172,59992,7461,657,17,70,14,6,0,0,200,Connecticut,93413
2009,885122,41,1680,3597,6943,20836,1906,395,6,31,1,3,0,0,37,Delaware,35435
2009,18537969,1017,30911,76112,181884,479867,50259,5501,,,,,0,0,130,Florida,825681
2009,9829211,566,14631,24553,98606,229216,33163,2323,56,378,97,12,0,0,11,Georgia,403069
2009,1295178,23,1030,2112,9244,33415,4857,385,3,8,4,6,0,,,Hawaii,51066
2009,1545801,24,254,2952,6682,23066,1472,575,3,5,9,5,0,0,35,Idaho,35060
2009,12910409,773,22923,36588,77850,248821,26676,3901,39,386,48,6,0,0,129,Illinois,417661
2009,6423113,312,7347,12175,48880,137190,13837,1621,34,209,40,10,0,0,55,Indiana,221417
2009,3007856,38,1201,6356,16419,49757,3904,890,8,11,6,9,0,0,17,Iowa,78582
2009,2818747,125,1786,8370,19473,65499,5958,1179,14,85,11,8,0,0,122,Kansas,102512
2009,4314113,184,3642,5643,29880,72938,6096,1531,22,112,27,9,0,2,151,Kentucky,120067
2009,4492076,529,6150,20848,46928,114102,11589,1351,32,402,37,15,0,0,13,Louisiana,201510
2009,1318301,26,399,780,6729,23955,1022,375,6,11,6,3,0,0,50,Maine,33336
2009,5699478,440,12007,20022,36905,125771,19619,1156,58,305,57,18,0,0,102,Maryland,216022
2009,6593587,173,7467,21129,34515,106799,11864,1734,40,93,29,7,0,0,317,Massachusetts,183998
2009,9969727,623,12427,32251,76046,178628,29345,4524,47,437,112,29,0,0,315,Michigan,334159
2009,5266214,74,3619,7392,25580,105160,8546,1789,14,38,8,12,0,0,153,Minnesota,152313
2009,2951996,194,2969,4297,29559,52329,5439,991,22,105,15,9,0,0,2,Mississippi,95780
2009,5987580,387,7437,20083,43591,140764,17428,1606,40,276,50,15,0,0,125,Missouri,231421
2009,974989,32,228,2181,3686,19528,1612,357,4,19,2,3,0,0,28,Montana,27652
2009,1796619,41,1220,3321,8726,37496,3509,617,8,23,4,5,0,0,78,Nebraska,55008
2009,2643085,156,6028,11431,22115,46463,12398,1024,25,91,27,13,0,0,48,Nevada,99663
2009,1324575,11,454,1261,4915,22748,1127,399,3,4,2,1,0,0,26,New Hampshire,30941
2009,8707739,319,11639,14114,36945,128303,15504,1041,44,220,36,19,0,0,549,New Jersey,208414
2009,2009671,198,1932,9510,21955,46182,6502,1069,24,78,29,13,0,0,15,New Mexico,87363
2009,19541453,781,28141,43606,62769,292897,21871,2582,166,481,109,23,1,0,641,New York,453289
2009,9380884,489,11825,23326,107830,215923,19954,2306,49,335,64,32,2,0,103,North Carolina,381758
2009,646844,12,107,1308,2426,9474,913,296,0,3,3,3,0,1,13,North Dakota,14550
2009,11542645,527,17670,15989,104009,249777,22660,4119,52,311,95,44,0,0,303,Ohio,415054
2009,3687050,234,3358,13433,38071,83813,10466,1535,45,125,25,30,0,1,59,Oklahoma,150970
2009,3825657,88,2499,6179,19739,85064,9977,1202,21,41,19,2,0,0,131,Oregon,124879
2009,12604767,664,17504,26394,54772,204588,17822,3626,66,468,100,24,0,0,36,Pennsylvania,325406
2009,1053209,32,785,1565,5753,19403,2402,296,6,18,5,2,0,0,35,Rhode Island,30271
2009,4561242,305,5753,23078,45443,119250,13617,1663,28,197,41,20,0,0,109,South Carolina,209218
2009,812383,30,117,1129,2621,10891,866,501,5,4,1,1,0,0,42,South Dakota,16197
2009,6296254,468,9653,29793,63832,158309,15016,2019,45,295,92,29,0,0,171,Tennessee,279261
2009,24782302,1330,38022,74021,240058,678455,76569,8311,197,862,153,113,1,0,165,Texas,1116932
2009,2784572,39,1304,3714,15258,69556,6937,941,8,25,2,2,0,0,49,Utah,97798
2009,621760,8,111,586,3471,11090,449,132,4,0,1,2,0,0,24,Vermont,15871
2009,7882590,370,6342,9911,31956,150374,11690,1572,41,229,55,22,0,0,150,Virginia,212365
2009,6664195,190,6711,12928,53047,168421,23747,2583,35,101,14,19,2,0,208,Washington,267837
2009,1819777,84,914,4086,12005,31453,2757,470,19,38,13,6,0,0,25,West Virginia,51794
2009,5654774,146,4904,8482,26813,111947,8932,1118,22,95,13,14,0,0,54,Wisconsin,162396
2009,544270,11,78,935,2176,11310,757,172,1,8,1,1,0,0,8,Wyoming,15447
2010,4785401,275,4864,11869,42484,115564,10780,1355,23,135,24,17,1,1,18,Alabama,187211
2010,714146,31,594,3379,3105,15535,1619,533,4,19,4,4,0,0,7,Alaska,24803
2010,6413158,408,6953,16976,50932,154137,21733,2191,51,232,62,7,0,0,236,Arizona,253566
2010,2921588,134,2369,10887,32463,65796,5561,1321,12,93,21,4,0,0,64,Arkansas,118595
2010,37338198,1809,58116,95877,228857,600558,152524,8331,250,1257,201,103,0,1,1091,California,1147164
2010,5047692,129,3164,10816,26196,97534,11271,2230,20,65,21,11,0,0,154,Colorado,151494
2010,3575498,133,3553,5802,15145,56413,6701,595,20,97,8,6,1,0,147,Connecticut,88490
2010,899792,51,1839,3392,7550,21593,1935,326,8,38,0,2,0,0,20,Delaware,36706
2010,18838613,987,26086,69523,169119,458454,41462,5373,,,,,0,0,136,Florida,771140
2010,9712157,555,12372,24034,96947,226161,30341,2107,64,376,85,2,0,0,17,Georgia,392534
2010,1363359,25,1065,2136,8706,31681,5280,377,6,7,5,6,0,,,Hawaii,49270
2010,1571102,22,213,2696,6513,23594,1329,533,4,12,2,3,0,0,28,Idaho,34928
2010,12841980,704,20386,32976,77472,242681,28911,3066,30,364,43,16,0,0,94,Illinois,406290
2010,6490622,268,6559,12396,48570,137204,13500,1760,19,142,25,12,0,0,94,Indiana,220351
2010,3050202,38,1012,6258,16746,48194,3800,883,4,21,9,4,0,0,17,Iowa,76948
2010,2859143,97,1538,7821,19315,63774,6020,1146,13,63,18,6,0,0,58,Kansas,99769
2010,4347223,188,3748,5230,30443,74488,6239,1438,19,116,25,20,0,1,172,Kentucky,121947
2010,4545343,500,5297,18214,45437,110260,9970,1230,42,351,31,13,0,0,13,Louisiana,190921
2010,1327379,24,412,796,7364,24547,989,389,6,11,1,6,0,0,61,Maine,34582
2010,5785681,426,11054,18899,36704,118578,18027,1228,59,293,53,19,0,1,79,Maryland,204996
2010,6555466,214,6897,21842,37903,105124,11469,1784,50,118,31,10,0,0,316,Massachusetts,185549
2010,9877143,580,11522,31858,74345,169748,27408,4733,43,413,71,31,0,0,307,Michigan,320501
2010,5310658,96,3388,7233,24415,103429,8587,1798,14,53,16,8,0,0,127,Minnesota,149073
2010,2970072,204,2777,4087,30453,52784,5359,931,21,120,19,5,0,0,11,Mississippi,96606
2010,5995715,420,6185,19390,44197,140526,16135,1445,35,321,49,14,0,0,142,Missouri,228440
2010,990958,25,154,2222,3692,20166,1551,332,3,12,5,1,0,0,31,Montana,28173
2010,1830141,54,1020,3345,8318,36896,3613,674,8,32,5,6,0,0,61,Nebraska,53981
2010,2704283,158,5298,11508,22286,42533,10185,965,22,84,34,18,0,0,68,Nevada,93001
2010,1316807,13,450,1330,5444,22789,997,411,5,5,3,0,0,0,31,New Hampshire,31465
2010,8799593,371,11818,13885,38732,128754,15556,981,50,246,39,28,0,0,543,New Jersey,210640
2010,2065913,140,1616,9432,21023,44503,5250,959,29,67,15,7,0,0,24,New Mexico,82947
2010,19395206,868,28630,44197,65839,293232,20639,2797,173,517,148,22,0,0,699,New York,456901
2010,9560234,474,9620,22583,102826,208057,18319,2002,56,286,72,31,0,0,94,North Carolina,363975
2010,674629,10,90,1203,2000,9137,873,245,0,4,4,1,0,0,8,North Dakota,13566
2010,11537968,479,16486,15611,107125,248581,21130,3730,40,310,93,17,0,0,247,Ohio,413389
2010,3760184,195,3345,13091,37848,81303,10313,1469,24,111,32,21,0,0,49,Oklahoma,147613
2010,3838332,96,2421,5892,20035,87494,9128,1239,16,36,17,9,0,0,134,Oregon,126439
2010,12717722,653,16375,26112,55206,204440,16720,3472,67,457,94,28,0,0,57,Pennsylvania,323035
2010,1052528,29,782,1600,6124,18432,2403,298,5,16,6,2,0,0,20,Rhode Island,29688
2010,4637106,265,5017,21090,46261,121544,13293,1551,22,207,34,17,0,0,109,South Carolina,209130
2010,816598,23,154,1634,3192,11196,800,385,2,8,4,0,0,0,51,South Dakota,17435
2010,6357436,359,8361,28016,64293,153729,14833,2173,35,219,83,19,0,0,147,Tennessee,271911
2010,25253466,1249,32843,71517,228597,654626,68023,7622,202,805,130,109,0,1,173,Texas,1064651
2010,2775479,53,1269,3620,15095,67242,5979,983,7,22,12,11,0,0,63,Utah,94304
2010,625909,7,76,596,3348,10373,439,141,1,2,2,2,0,0,17,Vermont,14997
2010,8023953,376,5678,9550,30804,145990,10609,1580,47,250,50,22,0,1,174,Virginia,204762
2010,6742950,154,5929,12476,55192,168490,25744,2579,24,93,22,12,0,0,232,Washington,270796
2010,1854368,58,776,4390,10778,28104,2419,362,11,27,9,8,0,0,33,West Virginia,46920
2010,5691659,155,4516,8305,26636,107993,8152,1191,13,97,22,19,0,0,93,Wisconsin,157041
2010,564554,8,77,870,2151,11126,592,162,1,5,1,1,0,0,2,Wyoming,14988
2011,4803689,299,4906,13591,51119,111411,10662,1370,7,49,2,1,1,0,83,Alabama,193442
2011,723860,30,576,3374,2852,14854,1388,436,6,16,5,2,0,0,8,Alaska,23518
2011,6467315,397,7145,16748,54695,155400,19801,2499,49,222,59,9,1,0,193,Arizona,256879
2011,2938582,160,2357,10426,34016,70645,5769,1230,22,110,17,4,0,0,36,Arkansas,124639
2011,37683933,1792,54291,91195,230075,596905,146842,7665,261,1220,208,101,1,1,1039,California,1129806
2011,5116302,155,3299,10346,25725,96054,11002,2285,22,73,31,21,0,0,186,Colorado,149052
2011,3586717,129,3689,5382,15468,55067,6670,689,18,94,10,6,0,0,142,Connecticut,87236
2011,908137,48,1558,3231,7617,22001,1545,307,8,28,2,3,0,0,16,Delaware,36323
2011,19082262,984,25622,66319,170171,461408,39621,5273,,,,,0,0,123,Florida,769521
2011,9812460,549,12266,21881,96014,231543,29678,2066,61,370,83,8,0,0,17,Georgia,394014
2011,1378129,20,994,2098,8165,31240,4469,353,2,1,1,3,0,,,Hawaii,47339
2011,1583744,35,188,2535,6915,24629,1331,444,4,17,8,3,0,0,37,Idaho,36114
2011,12859752,781,20217,30495,77719,237362,29387,3030,29,377,29,17,0,0,69,Illinois,399060
2011,6516353,306,6977,12578,50571,140630,14815,1758,36,183,43,22,0,0,101,Indiana,227736
2011,3064097,44,824,6149,17573,50472,3998,866,10,19,10,5,0,0,15,Iowa,79941
2011,2870386,111,1448,7528,18712,63259,6684,1122,11,73,16,10,0,0,69,Kansas,98933
2011,4366814,151,3705,5110,32750,79586,6701,1499,13,100,24,13,0,0,157,Kentucky,129659
2011,4574766,506,5235,18370,46242,113174,9113,1262,28,402,29,26,0,0,5,Louisiana,193907
2011,1328544,26,370,848,7865,24886,1078,394,4,12,7,2,0,0,55,Maine,35522
2011,5839572,399,10342,16876,35823,114951,16072,1200,75,272,34,17,0,0,49,Maryland,195712
2011,6607003,184,6768,19626,36403,101644,10782,1654,30,122,22,9,0,0,368,Massachusetts,177429
2011,9876801,617,10263,28507,69755,156666,24908,4344,43,450,89,31,1,1,377,Michigan,295439
2011,5347299,75,3385,6750,25681,102354,8148,2113,12,43,12,3,0,0,148,Minnesota,148654
2011,2977457,232,2496,4418,30722,54179,4908,863,26,138,14,9,0,0,1,Mississippi,97819
2011,6008984,366,6275,18778,44875,138879,15331,1469,28,276,42,18,0,0,121,Missouri,226094
2011,997667,29,171,2189,3347,19089,1449,366,4,7,5,2,0,0,23,Montana,26663
2011,1842234,68,993,2912,8725,38060,4109,699,7,42,9,7,0,0,36,Nebraska,55602
2011,2720028,139,4308,10092,20342,40156,9577,913,20,75,25,9,1,0,59,Nevada,85587
2011,1317807,16,509,1758,6244,25398,1114,581,4,6,6,0,0,0,22,New Hampshire,35642
2011,8834773,380,12209,13608,43238,129066,17415,1006,51,269,41,18,0,0,508,New Jersey,217430
2011,2078674,158,1720,9170,21419,46730,5400,856,21,60,32,8,0,0,28,New Mexico,85481
2011,19501616,769,28405,45538,65227,287361,19249,2751,160,445,143,26,0,2,543,New York,449845
2011,9651103,498,9448,21516,105534,215453,16819,1959,60,335,57,37,0,0,112,North Carolina,371339
2011,684740,24,91,1318,2458,9891,985,266,4,6,0,2,0,0,27,North Dakota,15060
2011,11541007,500,15991,15048,112901,246744,20927,3679,44,344,80,20,1,0,250,Ohio,416041
2011,3784163,212,3288,12401,36462,80064,11092,1410,26,131,21,26,0,0,30,Oklahoma,144959
2011,3868229,84,2237,6083,20704,92059,9106,1239,22,40,10,5,0,0,130,Oregon,131642
2011,12743948,639,16165,26046,57966,208604,16872,3339,73,470,66,27,0,0,19,Pennsylvania,329650
2011,1050646,20,744,1503,6836,18765,2375,319,5,5,4,0,0,0,25,Rhode Island,30587
2011,4673348,320,4631,21265,47351,122255,13637,1678,38,223,40,18,0,0,124,South Carolina,211261
2011,823593,20,167,1415,2927,11423,949,503,4,5,3,3,0,0,22,South Dakota,17426
2011,6399787,380,8082,28338,62830,153928,14142,2095,51,244,62,16,0,0,148,Tennessee,269943
2011,25631778,1130,28620,67498,215755,613131,63924,7486,175,699,134,81,0,0,153,Texas,997697
2011,2814347,50,1079,3517,13170,64727,6187,901,5,26,9,11,0,1,68,Utah,89700
2011,626592,11,99,669,3838,10720,528,146,2,4,2,0,0,0,9,Vermont,16020
2011,8104384,304,5425,8694,30656,142476,9770,1591,33,208,41,21,0,0,147,Virginia,199063
2011,6823267,163,5627,12042,56561,162828,24820,2320,29,79,36,17,0,0,213,Washington,264574
2011,1854908,87,802,4236,10245,26656,2108,372,11,43,13,7,0,0,19,West Virginia,44525
2011,5709843,138,4600,8340,27167,104472,8273,1190,21,80,13,21,0,0,79,Wisconsin,154259
2011,567356,18,71,1010,1864,10493,521,146,0,11,1,3,0,0,2,Wyoming,14125
2012,4817528,342,5020,15035,47481,111523,9874,1296,8,67,7,2,2,0,6,Alabama,190579
2012,730307,30,630,3169,2950,15565,1522,583,9,11,7,2,0,1,5,Alaska,24455
2012,6551149,358,7383,18054,52911,159808,18982,2282,40,211,58,12,0,0,176,Arizona,259954
2012,2949828,174,2310,10134,32673,70982,5734,1233,28,108,25,5,0,0,51,Arkansas,123291
2012,37999878,1884,56521,94702,245767,635090,168608,7837,261,1304,227,87,1,0,910,California,1211320
2012,5189458,152,3392,10285,26163,101091,12101,2122,29,92,22,17,1,0,189,Colorado,155496
2012,3591765,117,3709,5424,14787,55904,6478,933,17,112,14,3,1,0,149,Connecticut,87502
2012,917053,56,1498,3245,7389,21880,1438,249,5,41,8,3,0,0,10,Delaware,35765
2012,19320749,1009,23889,63929,153563,442095,37330,5260,,,,,1,1,143,Florida,727220
2012,9915646,583,12502,22447,86992,223875,28606,2143,57,390,85,9,1,0,21,Georgia,377170
2012,1390090,21,1125,1953,7653,31901,3865,279,2,3,4,4,0,,,Hawaii,46797
2012,1595590,30,243,2580,7240,23203,1382,495,3,17,4,2,0,0,35,Idaho,35208
2012,12868192,770,19480,29725,71100,235314,26292,3581,39,439,19,12,0,0,85,Illinois,386347
2012,6537782,307,6601,13975,47689,136668,13637,1661,20,205,37,13,0,0,37,Indiana,220575
2012,3075039,49,962,6255,17201,49116,4040,901,1,25,12,6,0,0,8,Iowa,78532
2012,2885398,85,1493,7609,18874,65413,6779,1105,12,50,13,9,0,0,84,Kansas,101442
2012,4379730,201,3547,4792,29877,76199,6724,1312,28,122,29,13,0,0,204,Kentucky,122856
2012,4602134,489,5458,15737,42037,112764,7872,1155,35,370,27,23,0,0,4,Louisiana,185516
2012,1328501,26,420,808,7476,24931,991,372,7,14,1,3,0,0,52,Maine,35076
2012,5884868,373,10173,16303,33803,113550,14956,1237,45,277,28,15,0,0,35,Maryland,190430
2012,6645303,121,6555,18721,34635,99453,9237,1650,33,70,12,6,0,0,290,Massachusetts,170662
2012,9882519,701,10423,29203,65560,158609,25080,4635,48,536,61,37,0,0,634,Michigan,294845
2012,5379646,99,3475,7207,25378,104316,8458,1638,21,41,16,11,1,0,72,Minnesota,150644
2012,2986450,213,2277,4460,28084,51520,4329,819,13,132,21,8,0,0,18,Mississippi,91720
2012,6024522,390,5782,19490,42510,140971,16332,1527,29,283,64,13,0,0,104,Missouri,227106
2012,1005494,29,202,2180,3920,20484,1698,392,6,11,3,2,0,0,36,Montana,28941
2012,1855350,52,1128,2912,8745,38301,4157,710,5,42,4,1,0,0,9,Nebraska,56014
2012,2754354,124,4918,10790,22120,45372,10018,931,17,70,23,6,0,0,91,Nevada,94364
2012,1321617,15,471,1869,5988,25024,1062,486,3,9,2,0,0,0,30,New Hampshire,34945
2012,8867749,388,11385,12919,42338,122662,16481,1035,63,273,32,17,0,0,505,New Jersey,207713
2012,2083540,116,1847,8740,21384,48247,5463,957,14,67,21,7,0,0,2,New Mexico,86756
2012,19576125,683,28633,47382,64389,293562,17317,2837,126,407,126,23,0,1,719,New York,455523
2012,9748364,479,9392,22609,99323,213151,16120,1984,43,309,77,41,0,0,119,North Carolina,363177
2012,701345,25,127,1292,2429,10687,1181,279,2,4,8,2,0,0,42,North Dakota,16062
2012,11553031,478,15396,15140,105312,245372,19751,3813,34,278,74,24,1,0,264,Ohio,405527
2012,3815780,220,3248,13012,36094,83131,11744,1622,24,149,18,21,1,0,21,Oklahoma,149093
2012,3899801,91,2419,5969,22051,94114,10252,1159,17,42,20,2,1,0,52,Oregon,136108
2012,12764475,707,15735,25571,57040,204409,15113,3371,68,522,74,20,0,0,38,Pennsylvania,321984
2012,1050304,36,715,1614,5929,18478,2632,292,5,19,6,4,0,0,12,Rhode Island,29708
2012,4723417,332,4511,19919,45222,122340,13487,1712,31,237,45,11,0,0,104,South Carolina,207627
2012,834047,23,157,1921,3280,12973,1073,600,1,4,4,5,0,0,30,South Dakota,20057
2012,6454914,400,8151,30615,56231,148731,12963,2047,37,254,73,23,0,0,321,Tennessee,259459
2012,26060796,1148,30385,67227,205002,606425,65032,7715,173,745,122,101,0,0,175,Texas,983109
2012,2854871,52,1105,3807,13095,67157,6032,975,10,29,6,4,0,0,102,Utah,92325
2012,625953,8,114,638,4179,11014,460,131,2,2,3,1,0,0,14,Vermont,16558
2012,8186628,322,4718,9131,29651,139654,9129,1505,37,220,38,19,0,0,138,Virginia,194248
2012,6895318,217,5801,12285,61376,166338,26663,2250,43,106,33,12,2,1,273,Washington,275206
2012,1856680,70,835,4623,11466,30800,2234,415,7,47,7,5,0,0,27,West Virginia,50470
2012,5724554,169,4692,10165,27931,104619,8230,1228,30,108,21,10,2,1,69,Wisconsin,157106
2012,576626,14,61,932,2125,10513,584,154,3,5,2,4,0,0,2,Wyoming,14385
2013,4833996,346,4645,13788,42410,108862,10563,1449,9,56,5,1,1,0,6,Alabama,182070
2013,737259,34,623,3127,2917,16599,1695,657,5,12,13,4,0,0,8,Alaska,25660
2013,6634997,355,6656,17391,48292,158036,16966,2344,56,184,55,9,1,0,201,Arizona,250242
2013,2958765,158,2261,9796,30369,70430,5678,1135,22,110,17,5,0,1,26,Arkansas,119854
2013,38431393,1746,53640,89029,232058,621557,165292,7464,238,1224,191,92,4,1,841,California,1171632
2013,5272086,174,3136,9826,25075,102375,12524,2198,34,88,39,13,0,0,129,Colorado,155437
2013,3599341,91,3551,4906,12934,52099,6241,647,12,60,5,9,0,0,144,Connecticut,80613
2013,925240,41,1233,2960,6299,21347,1355,278,4,33,2,0,0,0,13,Delaware,33526
2013,19600311,972,23200,61054,138915,433344,34911,4765,,,,,1,0,119,Florida,697281
2013,9994759,563,12704,21361,83459,229190,27159,2022,40,411,74,9,0,0,57,Georgia,376515
2013,1408987,32,934,2111,7777,32928,4561,366,2,6,1,0,0,,,Hawaii,48709
2013,1612843,29,220,2548,6693,21999,1538,516,2,15,5,4,0,0,32,Idaho,33575
2013,12890552,722,17733,28161,59093,216059,20896,3895,41,364,19,9,1,0,107,Illinois,346667
2013,6570713,357,7114,13915,42754,130534,14184,1623,19,238,41,13,0,0,75,Indiana,210556
2013,3092341,41,937,6332,15918,47803,4255,873,13,18,6,5,0,0,10,Iowa,76169
2013,2895801,117,1339,7177,17476,61557,6671,1003,8,78,16,10,0,0,68,Kansas,95408
2013,4399583,172,3247,4215,26331,72048,6069,951,23,111,22,9,0,0,172,Kentucky,113205
2013,4629284,494,5539,16331,41214,115300,9165,1248,34,356,40,23,0,0,24,Louisiana,189315
2013,1328702,24,335,907,6480,23063,911,366,5,12,2,5,0,0,25,Maine,32111
2013,5938737,384,10048,16124,31950,112551,13417,1179,57,268,29,25,0,0,51,Maryland,185704
2013,6708874,138,6705,18118,30716,97437,9121,1722,25,78,25,7,0,0,351,Massachusetts,164308
2013,9898193,625,10093,27254,56256,149794,24085,4506,43,440,106,36,0,0,333,Michigan,272946
2013,5422060,114,3674,6908,22713,100514,7966,1453,17,60,24,9,0,0,144,Minnesota,143486
2013,2992206,217,2413,4649,24969,52192,4387,726,9,110,14,9,0,0,4,Mississippi,89557
2013,6044917,369,5486,18056,38797,134514,16344,1679,41,273,45,12,0,1,104,Missouri,215350
2013,1014864,23,217,2217,4122,20192,1881,382,3,9,2,1,0,0,36,Montana,29070
2013,1868969,56,1035,3011,8945,35791,4461,621,8,39,7,3,0,0,33,Nebraska,53953
2013,2791494,163,5183,10060,23047,46132,9998,1090,24,87,36,10,1,0,73,Nevada,95747
2013,1322616,21,647,1506,4979,23355,944,522,6,5,5,5,0,0,23,New Hampshire,31997
2013,8911502,404,12084,12071,35883,118005,13746,861,53,291,37,20,0,0,414,New Jersey,193468
2013,2086895,123,1832,9470,21828,51146,5984,1135,19,59,20,8,1,0,12,New Mexico,91531
2013,19695680,644,27241,46130,56444,286676,15483,2575,136,362,113,37,1,2,613,New York,435809
2013,9848917,463,9275,21325,90182,201043,14406,1790,50,315,55,32,0,0,118,North Carolina,338602
2013,723857,16,161,1447,2979,10942,1435,288,4,4,3,0,0,0,51,North Dakota,17319
2013,11572005,478,14483,14370,91090,227799,19525,3594,37,309,69,19,0,0,341,Ohio,371680
2013,3853118,198,3023,11652,33512,81624,11282,1715,24,127,24,16,1,0,43,Oklahoma,143050
2013,3928068,82,2394,5596,20808,94363,9912,1000,12,43,18,5,0,0,68,Oregon,134223
2013,12781296,611,14739,23680,52000,197410,13766,2728,52,440,74,28,1,0,56,Pennsylvania,304991
2013,1053354,31,683,1547,5621,17881,2239,333,5,18,6,2,0,0,7,Rhode Island,28342
2013,4771929,305,3965,17760,40930,119730,12601,1739,20,224,33,19,0,0,52,South Carolina,197082
2013,845510,18,156,2052,3383,11955,936,454,1,3,4,4,0,0,21,South Dakota,18975
2013,6497269,335,7333,27895,51334,144443,11906,1904,18,223,67,19,0,0,205,Tennessee,245355
2013,26505637,1140,31810,65351,191062,605440,65787,7610,164,760,129,80,1,0,142,Texas,968343
2013,2902787,51,1247,3824,13727,67115,7492,926,6,31,7,5,0,0,76,Utah,94458
2013,626855,10,75,554,3352,10193,337,113,0,5,1,3,0,0,13,Vermont,14647
2013,8270345,320,4574,9111,26717,136215,8626,1476,30,225,40,20,0,0,123,Virginia,187162
2013,6973742,167,5829,11623,58487,172227,28425,2072,29,86,27,13,1,0,294,Washington,279125
2013,1853595,62,653,4242,9908,28055,1966,367,2,30,20,2,0,0,58,West Virginia,45311
2013,5742953,163,4834,9285,24358,93946,7390,1308,18,103,24,12,0,0,50,Wisconsin,141334
2013,583223,17,74,917,1956,10275,578,144,2,9,4,0,0,0,1,Wyoming,13962
2014,4849377,276,4701,13745,39715,104238,10141,1436,13,76,2,3,0,0,9,Alabama,174261
2014,736732,41,629,3243,3150,15445,1739,555,8,22,5,6,0,0,6,Alaska,24808
2014,6731484,319,6249,16970,43562,154091,17587,2464,33,153,66,6,0,0,265,Arizona,241507
2014,2966369,165,2050,10265,24790,68627,5601,1182,17,111,23,3,0,0,11,Arkansas,112691
2014,38802500,1699,48680,91803,202670,592670,151852,8398,256,1169,175,97,3,1,758,California,1098534
2014,5355866,151,3039,10325,23472,99464,12574,2121,25,91,20,13,0,0,94,Colorado,151240
2014,3596677,86,3159,4495,11955,51005,6110,571,17,51,5,10,0,0,125,Connecticut,77506
2014,935614,54,1269,2867,5768,20865,1267,249,4,39,3,8,0,0,13,Delaware,32352
2014,19893297,1149,24914,72895,143220,493647,42579,6051,,,,,1,1,64,Florida,784521
2014,10097343,580,12417,22052,76428,228034,26854,2159,55,416,63,6,1,0,41,Georgia,368566
2014,1419561,26,1107,2102,7778,31640,3879,314,0,1,3,1,0,,,Hawaii,46846
2014,1634464,32,204,2623,6428,22227,1661,468,6,15,4,5,0,0,26,Idaho,33669
2014,12880580,685,15299,27520,50008,199926,17451,3081,30,371,14,13,0,0,109,Illinois,314079
2014,6596855,330,6897,14686,36893,124022,13861,1615,26,222,37,14,0,1,50,Indiana,198355
2014,3107126,60,1045,6264,14428,46477,4151,828,8,27,12,8,0,0,11,Iowa,73264
2014,2904021,91,1362,7259,15828,56697,6906,1075,13,56,12,8,0,0,75,Kansas,89293
2014,4413457,160,3336,4404,23244,69604,6318,883,16,112,26,6,0,0,165,Kentucky,108114
2014,4649676,477,5695,16387,38337,112596,9891,992,46,319,30,12,1,0,9,Louisiana,184385
2014,1330089,21,304,890,5030,20592,799,360,4,6,8,3,0,0,28,Maine,28024
2014,5976407,365,9544,15133,28012,108745,13102,1144,67,208,20,14,0,0,16,Maryland,176061
2014,6745408,132,6036,18051,24964,92043,8260,1629,34,81,13,3,0,0,376,Massachusetts,151491
2014,9909877,535,8021,27519,44184,137206,21157,4049,60,342,102,27,0,0,320,Michigan,242991
2014,5457173,88,3687,6729,20773,96237,8367,1452,10,42,20,10,0,0,98,Minnesota,137431
2014,2994079,258,2430,4592,24352,58591,4519,764,14,122,17,8,0,0,2,Mississippi,95508
2014,6063589,403,5592,18482,35258,124622,16357,1706,35,314,43,10,0,0,76,Missouri,202496
2014,1023579,37,203,2532,3595,19674,2043,430,5,17,3,2,0,0,35,Montana,28549
2014,1881503,54,1043,3316,7950,35074,4455,620,7,32,8,4,0,0,47,Nebraska,52559
2014,2839099,170,5954,10564,21927,42426,10185,995,34,94,32,9,1,0,24,Nevada,92246
2014,1326813,12,537,1459,4162,21022,857,458,2,6,3,1,0,0,15,New Hampshire,28522
2014,8938175,349,10498,11225,31710,111578,11705,953,42,243,34,18,0,0,336,New Jersey,178354
2014,2085572,101,2086,8797,18505,49082,6290,1071,22,53,19,2,1,0,13,New Mexico,85946
2014,19746227,617,24045,45303,50781,272765,15736,3918,139,344,103,27,0,0,545,New York,413710
2014,9943964,510,8416,21421,79373,192694,13630,1740,39,318,63,49,0,0,140,North Carolina,317924
2014,739482,22,173,1407,2707,11384,1514,276,3,6,3,2,0,0,41,North Dakota,17524
2014,11594163,464,12753,14771,78845,227668,18015,4097,37,277,102,20,0,0,421,Ohio,357034
2014,3878051,175,3048,10744,29508,75891,10583,1277,29,104,28,6,0,0,31,Oklahoma,131257
2014,3970239,81,2093,5592,17230,87526,9549,1052,14,39,18,2,0,0,66,Oregon,123189
2014,12787209,614,13534,22189,45720,188256,13040,2787,63,453,78,15,1,0,54,Pennsylvania,286195
2014,1055173,25,529,1398,4823,16279,1833,253,7,12,5,1,0,0,5,Rhode Island,25145
2014,4832482,311,3997,17676,36721,117594,12902,1480,31,219,34,17,0,0,53,South Carolina,190734
2014,853175,20,200,2096,2818,12077,1007,413,1,6,5,3,0,0,18,South Dakota,18649
2014,6549352,371,7265,29681,46642,141206,12599,1861,43,246,60,21,0,2,196,Tennessee,239823
2014,26956958,1184,31181,65656,169234,576154,68546,8236,145,765,128,103,2,0,158,Texas,920351
2014,2942902,67,1312,3513,11518,65895,7298,945,6,36,9,10,0,0,55,Utah,90603
2014,626562,10,70,432,2034,7273,244,99,1,6,1,2,0,0,15,Vermont,10177
2014,8326289,338,4292,9400,23122,129933,7665,1432,35,228,53,21,0,0,123,Virginia,176305
2014,7061530,174,5640,11627,55290,175769,30647,2171,25,94,42,11,2,0,304,Washington,281624
2014,1850326,74,651,4358,8973,26779,1896,285,10,16,30,6,1,0,29,West Virginia,43046
2014,5757564,165,5066,9809,21216,89103,9919,1168,19,117,13,9,0,0,53,Wisconsin,136499
2014,584153,16,53,899,1689,9185,603,126,1,8,2,2,0,0,1,Wyoming,12572
2015,4858979,348,4611,15954,35255,99156,10335,1456,14,90,11,3,2,0,10,Alabama,167127
2015,738432,59,761,3671,3511,15249,2046,650,7,39,8,3,0,0,8,Alaska,25955
2015,6828065,309,6360,18235,37957,152365,16785,2294,42,171,55,10,4,1,275,Arizona,234585
2015,2978204,181,2098,11316,22640,68424,5772,1300,18,110,30,6,0,0,6,Arkansas,111737
2015,39144818,1861,52862,99349,197404,656517,170993,9387,263,1275,233,90,2,3,834,California,1189212
2015,5456574,176,3323,10759,23454,104682,16000,2377,25,115,19,17,2,0,107,Colorado,160880
2015,3590886,117,2892,4063,10053,48675,6338,582,16,73,9,9,0,0,93,Connecticut,72813
2015,945934,63,1235,3081,4773,19501,1181,243,6,52,3,2,0,0,11,Delaware,30088
2015,20271272,1041,21137,63895,109268,420341,40661,5430,,,,,6,0,72,Florida,661851
2015,10214860,615,12247,22557,66374,215867,26482,2296,38,464,60,3,8,0,44,Georgia,346490
2015,1431603,19,1203,2418,6557,42010,5779,400,6,4,2,7,0,,,Hawaii,58386
2015,1654930,32,192,2650,6124,20863,1871,533,3,24,3,0,1,0,34,Idaho,32300
2015,12859995,744,14910,28879,46443,191634,17652,3549,29,440,25,3,2,0,90,Illinois,303903
2015,6619680,373,7111,15765,34410,123918,13519,1789,22,209,29,12,1,0,63,Indiana,196949
2015,3123899,72,1047,6661,14892,44723,4342,851,10,49,5,8,0,0,6,Iowa,72594
2015,2911641,128,1818,7792,15362,56880,6957,1251,9,91,14,11,0,0,62,Kansas,90250
2015,4425092,209,3307,4668,22260,66320,7782,997,30,141,26,12,0,0,188,Kentucky,105731
2015,4670724,481,5550,17454,35453,111435,9741,1260,46,379,43,6,1,0,40,Louisiana,181415
2015,1329328,23,311,921,4684,18829,814,354,3,16,1,3,1,0,38,Maine,25975
2015,6006401,516,9863,15417,25678,100219,13151,1184,44,279,33,16,0,0,41,Maryland,166069
2015,6794422,128,5288,19071,21890,84912,8069,1608,27,81,11,7,0,0,416,Massachusetts,141382
2015,9922576,571,7796,26414,40041,131296,15764,4163,52,389,103,27,0,1,308,Michigan,226354
2015,5489594,133,3771,7094,19299,94704,7981,1686,21,79,23,10,2,0,109,Minnesota,134779
2015,2992333,259,2294,4498,24799,55748,4243,862,11,126,14,8,1,0,11,Mississippi,92715
2015,6083672,502,6376,20830,34006,122637,16999,1854,26,418,40,15,1,0,100,Missouri,203305
2015,1032949,36,210,2818,3838,20844,2418,431,8,18,3,7,1,0,45,Montana,30641
2015,1896190,62,994,3283,6422,32072,4001,652,9,43,8,1,2,0,19,Nebraska,47507
2015,2890845,178,6287,11965,22360,43426,11351,1238,25,113,30,9,0,0,58,Nevada,96863
2015,1330608,14,468,1543,3467,18871,891,461,6,8,0,0,0,0,13,New Hampshire,25728
2015,8958013,363,9729,11414,27960,105963,11778,1019,38,255,41,19,1,0,330,New Jersey,168557
2015,2085109,117,2485,9407,17085,51483,8526,1215,18,56,19,1,1,0,13,New Mexico,90332
2015,19791256,623,23177,45199,45315,261877,15060,5099,104,383,104,20,4,0,500,New York,396854
2015,10042802,517,8825,22826,74841,187907,13435,1939,41,353,77,35,5,0,161,North Carolina,310456
2015,756927,21,148,1298,2997,11440,1583,276,3,9,1,4,0,0,36,North Dakota,17799
2015,11613423,500,12554,15695,69303,213993,17229,4154,39,316,103,22,3,0,416,Ohio,333847
2015,3911338,234,3005,11418,28406,74022,10450,1352,33,149,32,19,1,0,37,Oklahoma,128925
2015,4028977,99,2146,6630,18336,89836,10547,1164,12,34,22,3,1,0,80,Oregon,128839
2015,12802503,658,13003,22373,39664,180287,12134,3122,65,497,67,22,1,0,57,Pennsylvania,271299
2015,1056298,29,556,1518,3947,14707,1389,338,10,10,6,1,0,0,18,Rhode Island,22502
2015,4896146,399,3931,18073,34551,113724,12970,1707,34,312,34,14,1,1,56,South Carolina,185413
2015,858469,32,216,2546,2960,12532,1188,441,8,12,2,5,1,0,16,South Dakota,19932
2015,6600299,406,7474,29844,43247,137679,12870,1966,40,297,51,14,3,1,220,Tennessee,233710
2015,27469114,1316,31934,67727,153054,557200,67485,8925,146,906,135,89,4,1,190,Texas,887836
2015,2995919,54,1326,4046,12468,68103,8707,1098,5,34,6,9,0,0,47,Utah,95849
2015,626042,10,101,492,1968,6660,178,121,0,8,1,1,0,0,8,Vermont,9538
2015,8382993,383,4441,9235,21340,127019,8111,1493,51,275,43,14,1,0,158,Virginia,172181
2015,7170351,211,5449,12029,50993,170509,26867,2193,18,141,36,14,0,0,275,Washington,268526
2015,1844128,70,760,4729,9170,25842,2239,420,6,30,17,4,0,0,42,West Virginia,43272
2015,5771337,240,5232,10395,19554,83385,10985,1224,37,170,25,6,3,0,45,Wisconsin,131063
2015,586107,16,59,1054,1762,8797,592,125,2,10,3,1,0,0,2,Wyoming,12407
2016,4860545,407,4687,18869,34045,97498,11716,1915,12,68,12,6,6,0,14,Alabama,169157
2016,741522,52,850,4011,4053,17766,3057,1053,3,43,6,0,0,0,11,Alaska,30853
2016,6908642,389,7045,21804,38216,150618,18483,3304,40,227,63,6,0,0,217,Arizona,240076
2016,2988231,217,2125,12007,23814,67091,7187,2214,25,151,25,8,2,0,12,Arkansas,114669
2016,39296476,1930,54789,104375,188304,637010,176756,13702,280,1368,193,89,19,0,931,California,1177816
2016,5530105,189,3525,11681,23825,108680,19641,3635,27,136,28,11,0,0,105,Colorado,171281
2016,3587685,79,2711,4588,10107,47642,7126,791,12,48,13,3,5,0,108,Connecticut,73157
2016,952698,58,1359,3131,5028,19812,1530,311,7,41,8,0,0,0,15,Delaware,31244
2016,20656589,1111,20175,59816,100325,410352,43135,7598,,,,,10,0,110,Florida,642632
2016,10313620,682,12114,24091,62715,218127,26463,3381,48,522,71,5,4,0,39,Georgia,347616
2016,1428683,35,985,1831,5983,30871,5499,601,8,19,5,3,0,,,Hawaii,45805
2016,1680026,49,213,2895,6318,20962,2077,719,5,17,21,4,0,1,26,Idaho,33260
2016,12835726,1061,17829,32161,48193,195196,19867,5003,61,799,62,19,19,0,111,Illinois,319440
2016,6634007,431,7291,16345,33567,120454,14439,2449,19,287,32,10,3,3,76,Indiana,195058
2016,3130869,73,1150,6669,15306,45580,5002,1278,12,43,10,6,0,0,17,Iowa,75075
2016,2907731,132,1757,8158,14759,60119,7415,1618,8,61,19,8,0,0,52,Kansas,94010
2016,4436113,265,3371,5068,20932,66833,9948,1748,20,207,22,11,1,0,214,Kentucky,108380
2016,4686157,555,5575,18528,34689,109492,10330,1819,33,445,52,13,5,0,26,Louisiana,181019
2016,1330232,20,268,948,4001,17131,776,413,5,11,2,2,0,0,41,Maine,23598
2016,6024752,536,10815,15841,24832,100995,13889,1827,52,328,29,21,4,0,39,Maryland,168778
2016,6823721,135,5365,18334,19204,79155,8071,2141,25,85,11,11,1,0,399,Massachusetts,132805
2016,9933445,612,7123,30779,39738,130249,20262,7268,45,443,89,20,2,0,406,Michigan,236439
2016,5525050,101,3730,7185,18582,90421,8720,2349,12,60,19,8,1,0,119,Minnesota,131208
2016,2985415,237,2433,4459,23489,54725,4307,1282,4,128,14,8,2,0,20,Mississippi,90954
2016,6091176,538,6576,22049,31716,120649,18296,2557,37,437,50,11,4,0,89,Missouri,202474
2016,1038656,37,268,2983,3966,21427,2763,598,9,17,5,3,0,0,21,Montana,32063
2016,1907603,49,946,3558,6459,32009,4729,1108,9,30,2,0,0,0,31,Nebraska,48889
2016,2939254,228,6338,11629,18816,43949,13157,1729,20,141,42,6,0,0,43,Nevada,95889
2016,1335015,19,431,1609,2989,16454,880,609,2,8,0,6,0,0,29,New Hampshire,23020
2016,8978416,378,8940,11089,25229,101459,11324,1454,29,278,42,23,5,0,283,New Jersey,160161
2016,2085432,139,2737,10182,17280,52907,11743,1527,17,60,19,3,1,0,26,New Mexico,96542
2016,19836286,629,22310,45095,39850,250990,14384,6281,130,367,99,32,7,0,595,New York,380141
2016,10156689,678,9336,24906,72082,190377,15306,2847,50,421,80,44,7,0,148,North Carolina,315687
2016,755548,16,181,1352,3248,12249,1954,356,3,8,1,2,0,0,13,North Dakota,19369
2016,11622554,683,12574,16748,67081,214102,19762,5754,39,452,104,32,4,0,471,Ohio,337179
2016,3921207,247,3174,12334,29376,76358,12276,2100,31,171,23,18,1,0,35,Oklahoma,135901
2016,4085989,116,2307,6776,16919,91507,13290,1784,24,51,24,1,0,0,108,Oregon,132807
2016,12787085,674,12314,22942,35178,174147,13069,4459,68,486,78,23,5,0,72,Pennsylvania,262860
2016,1057566,29,541,1514,3650,14157,1103,445,9,12,6,2,0,0,12,Rhode Island,21451
2016,4959822,358,4071,18217,33149,114455,13930,2491,29,281,36,17,1,0,30,South Carolina,186702
2016,861542,28,274,2808,3002,12705,1500,526,5,7,4,5,0,0,18,South Dakota,20861
2016,6649404,495,7829,31332,40607,135353,15239,2803,49,356,69,12,3,0,149,Tennessee,233810
2016,27904862,1478,33298,72842,148796,552106,68990,13446,175,1066,136,82,14,1,178,Texas,891149
2016,3044321,74,1528,4244,12938,68261,9362,1560,6,42,20,3,0,0,67,Utah,98034
2016,623354,14,78,589,1884,7637,184,170,2,6,6,0,0,0,25,Vermont,10581
2016,8414380,482,4826,10357,20159,127285,9848,2830,33,352,67,30,3,0,127,Virginia,175917
2016,7280934,195,5649,13124,49249,173423,32322,3133,19,127,38,11,3,0,395,Washington,277493
2016,1828637,85,720,5144,9127,25657,2498,684,4,47,21,4,0,0,41,West Virginia,43956
2016,5772917,232,4707,10772,19498,82455,9958,2005,27,166,21,12,0,0,39,Wisconsin,129666
2016,584910,20,59,1146,1771,8889,800,206,8,6,3,2,0,0,3,Wyoming,12894
